ear,
six,
difference,
afraid,
highest,
carefully,
honor,
tree,
end,
handsome,
has,
brush,
ruler,
be,
partly,
pull,
apart,
development,
against,
bank,
average,
fly,
metal,
contrast,
several,
hide,
down,
worried,
discovery,
lying,
beneath,
level,
perfectly,
him,
connected,
suppose,
porch,
sick,
salt,
guard,
quiet,
sing,
according,
certain,
since,
to,
heavy,
develop,
driver,
grown,
bowl,
sink,
pilot,
light,
cost,
account,
whom,
pressure,
behavior,
soap,
cat,
principal,
definition,
sign,
triangle,
extra,
means,
occasionally,
dead,
slowly,
review,
scientific,
chosen,
bend,
beauty,
special,
hole,
directly,
radio,
worker,
fierce,
nuts,
school,
chose,
judge,
nearby,
zero,
as,
tone,
form,
youth,
pressure,
sentence,
soon,
happen,
lost,
soil,
smile,
walk,
band,
dawn,
underline,
were,
fly,
refer,
pocket,
buried,
open,
remarkable,
attempt,
letter,
industry,
slipped,
silence,
song,
enough,
friend,
labor,
drop,
number,
cowboy,
path,
open,
forgot,
opinion,
especially,
horse,
darkness,
hollow,
complex,
partly,
gentle,
orange,
using,
directly,
hope,
deal,
animal,
wore,
lie,
sentence,
outline,
teeth,
quarter,
movement,
hill,
beat,
ants,
themselves,
stood,
exciting,
trunk,
cause,
stomach,
heard,
plane,
sets,
brother,
vast,
thrown,
thumb,
owner,
lost,
post,
thou,
wait,
constantly,
share,
air,
shinning,
heading,
surface,
saw,
information,
empty,
pilot,
lion,
soldier,
source,
poet,
than,
model,
before,
time,
habit,
paint,
bright,
goose,
die,
agree,
alike,
some,
printed,
secret,
lose,
struck,
forward,
mixture,
driver,
shadow,
joined,
pound,
sport,
west,
atmosphere,
break,
flame,
key,
tell,
troops,
cold,
room,
unknown,
average,
express,
worry,
donkey,
safe,
black,
lion,
see,
good,
let,
silent,
citizen,
forth,
gift,
growth,
difficult,
while,
porch,
forgotten,
rather,
anyway,
pride,
maybe,
being,
verb,
sets,
depend,
plural,
function,
themselves,
car,
stairs,
keep,
plain,
saddle,
event,
duck,
scientist,
corner,
citizen,
bent,
properly,
arm,
fox,
with,
best,
waste,
specific,
pocket,
whose,
wait,
diagram,
sign,
bag,
unhappy,
pleasant,
thread,
engineer,
putting,
voice,
moment,
sale,
anyway,
outer,
neck,
worth,
increase,
physical,
develop,
bright,
queen,
force,
blanket,
left,
softly,
paper,
still,
buried,
deal,
fat,
offer,
youth,
stepped,
outline,
breakfast,
your,
settle,
alike,
four,
fell,
industrial,
they,
factor,
soon,
cat,
on,
although,
my,
brain,
origin,
shape,
weight,
rhyme,
exchange,
satellites,
continued,
spend,
examine,
grow,
outline,
fact,
dawn,
flame,
adult,
consider,
protection,
lesson,
object,
box,
game,
fact,
eat,
whenever,
eventually,
occur,
alphabet,
studied,
development,
flow,
instrument,
means,
route,
giving,
correct,
dirty,
using,
rise,
bread,
pull,
musical,
pony,
behind,
there,
sad,
hunt,
own,
wrong,
soil,
army,
whistle,
crop,
mother,
animal,
baseball,
completely,
biggest,
rice,
dish,
operation,
riding,
travel,
fair,
replied,
ocean,
team,
bag,
stopped,
look,
earlier,
trick,
hit,
having,
sell,
across,
birth,
who,
college,
himself,
next,
join,
experience,
needle,
pleasant,
sum,
building,
uncle,
social,
bread,
level,
place,
feed,
wave,
tiny,
hide,
layers,
speech,
edge,
giant,
sentence,
continent,
powder,
moving,
income,
right,
easier,
design,
sudden,
agree,
fully,
depth,
yourself,
went,
rough,
generally,
serve,
scale,
life,
correct,
strength,
swimming,
able,
measure,
zero,
ability,
opinion,
floating,
dozen,
unknown,
forward,
ruler,
tail,
greatly,
onto,
environment,
universe,
congress,
industry,
after,
proud,
make,
was,
every,
important,
available,
neighbor,
shadow,
forward,
halfway,
yard,
fine,
tune,
native,
income,
experience,
find,
sent,
dry,
depend,
definition,
quickly,
avoid,
oxygen,
go,
curve,
itself,
western,
lion,
forgot,
food,
children,
wrote,
metal,
never,
fence,
of,
hall,
sheep,
win,
aware,
man,
setting,
hole,
grew,
basket,
body,
upon,
carbon,
after,
taken,
slipped,
rich,
atomic,
bank,
gift,
chamber,
fight,
later,
wrong,
nearest,
salt,
measure,
president,
carry,
kitchen,
death,
hall,
night,
neighborhood,
she,
friend,
seldom,
enjoy,
farm,
only,
fifty,
stop,
cool,
knew,
pale,
operation,
dust,
ice,
mill,
party,
surface,
favorite,
him,
balance,
negative,
method,
remarkable,
bus,
firm,
shape,
will,
birds,
tent,
immediately,
whenever,
snow,
liquid,
decide,
dawn,
tin,
nearby,
loud,
hung,
shallow,
officer,
recall,
weather,
slowly,
cannot,
aid,
quick,
mouth,
gate,
thank,
brown,
tea,
care,
closer,
package,
dozen,
city,
handle,
plate,
somewhere,
great,
pile,
upward,
shop,
pressure,
shown,
carry,
relationship,
west,
mile,
kill,
follow,
happened,
wool,
bridge,
instant,
flies,
just,
throat,
coat,
sure,
till,
blank,
hurt,
except,
view,
dawn,
instance,
flew,
order,
seen,
connected,
are,
excellent,
pond,
replied,
man,
cow,
mother,
broken,
fat,
bell,
taught,
name,
becoming,
or,
division,
one,
shells,
page,
original,
fallen,
when,
solar,
hunter,
in,
one,
night,
combination,
common,
sound,
mood,
pattern,
create,
select,
care,
fierce,
realize,
crack,
phrase,
plan,
else,
alone,
college,
driving,
cast,
drew,
repeat,
success,
greatest,
serious,
shoulder,
ate,
circus,
accident,
compare,
larger,
table,
chose,
view,
machine,
nose,
fish,
wise,
some,
drop,
slope,
able,
flat,
although,
variety,
bar,
sharp,
rays,
dug,
your,
heart,
torn,
first,
food,
pot,
sit,
wet,
own,
eleven,
upon,
pride,
provide,
softly,
fog,
sheep,
month,
who,
friendly,
hurt,
hung,
where,
parallel,
deer,
experiment,
hello,
kids,
higher,
courage,
customs,
carbon,
cup,
egg,
develop,
down,
onlinetools,
this,
shot,
hit,
element,
town,
me,
doctor,
got,
private,
plenty,
attention,
impossible,
up,
save,
bag,
life,
surrounded,
anywhere,
castle,
belong,
becoming,
globe,
different,
sense,
ask,
attention,
magnet,
making,
money,
border,
rays,
necessary,
arrow,
major,
such,
simple,
tin,
related,
deer,
graph,
has,
blow,
mainly,
exist,
dry,
triangle,
captain,
fifteen,
snow,
attached,
difficulty,
account,
behavior,
feathers,
pile,
ago,
face,
engineer,
game,
aid,
tonight,
nervous,
house,
quarter,
room,
cookies,
fox,
up,
letter,
feed,
large,
slipped,
writer,
open,
limited,
proud,
began,
tongue,
kitchen,
honor,
construction,
eat,
having,
grass,
mill,
in,
silly,
log,
bag,
evidence,
up,
mouth,
twice,
strong,
answer,
paint,
row,
throat,
crowd,
play,
shown,
lovely,
additional,
us,
neighbor,
education,
neighbor,
brick,
glad,
ten,
difference,
scale,
contain,
course,
mouth,
thus,
fireplace,
college,
garden,
safe,
sets,
location,
mirror,
made,
whispered,
blank,
market,
sell,
human,
seat,
both,
child,
couple,
damage,
chemical,
plenty,
tune,
quietly,
refer,
list,
previous,
alike,
officer,
engineer,
club,
trip,
matter,
edge,
sail,
pattern,
prize,
silver,
meal,
sense,
build,
television,
smooth,
section,
stay,
income,
species,
grain,
few,
support,
probably,
voyage,
repeat,
love,
waste,
brick,
case,
continent,
before,
paper,
must,
afternoon,
onlinetools,
former,
happened,
loss,
red,
solution,
win,
number,
value,
guard,
eleven,
danger,
among,
depend,
court,
hat,
mass,
root,
tail,
duck,
steady,
herd,
location,
trick,
charge,
map,
introduced,
grow,
follow,
major,
amount,
bus,
almost,
surface,
here,
anything,
listen,
guide,
rear,
cook,
mirror,
establish,
north,
model,
body,
affect,
belt,
dried,
women,
master,
mood,
progress,
park,
closely,
captain,
spend,
tried,
wool,
husband,
color,
pencil,
kids,
nine,
sides,
under,
complex,
church,
sport,
usually,
eleven,
red,
up,
conversation,
accurate,
pretty,
business,
specific,
law,
went,
truth,
floating,
farm,
off,
generally,
foot,
probably,
quietly,
citizen,
swam,
engine,
foreign,
production,
phrase,
simple,
border,
cost,
repeat,
beside,
book,
care,
suddenly,
sense,
band,
boat,
first,
scene,
swim,
mice,
anyone,
plane,
extra,
am,
flow,
heart,
level,
reach,
doubt,
into,
eight,
rhyme,
lips,
arrange,
evidence,
warn,
board,
biggest,
east,
eventually,
island,
single,
type,
two,
higher,
rod,
common,
afraid,
occasionally,
shore,
connected,
piano,
so,
mine,
courage,
nodded,
produce,
capital,
interior,
led,
cage,
found,
must,
pound,
voice,
until,
rope,
oxygen,
pan,
for,
thousand,
mile,
string,
particles,
largest,
leaf,
applied,
highest,
death,
appropriate,
hat,
fine,
probably,
might,
mathematics,
arm,
eight,
wave,
gate,
gray,
close,
driven,
tip,
lips,
some,
industrial,
folks,
dirt,
jack,
variety,
pour,
popular,
been,
say,
work,
merely,
wet,
missing,
pole,
pipe,
arrangement,
eight,
cook,
create,
camera,
solar,
wheat,
principle,
faster,
living,
congress,
jet,
wing,
dress,
no,
globe,
deal,
soap,
father,
sky,
shut,
general,
his,
from,
rest,
learn,
airplane,
let,
flower,
that,
bar,
customs,
worse,
thin,
us,
everywhere,
shelf,
spirit,
possibly,
park,
though,
felt,
parallel,
me,
worry,
satisfied,
goes,
solution,
moving,
weigh,
satisfied,
car,
alive,
firm,
right,
forward,
route,
account,
nearer,
principle,
flame,
paint,
twelve,
page,
alphabet,
badly,
lack,
solid,
told,
stretch,
paper,
original,
aware,
shade,
film,
wore,
manner,
decide,
needle,
gulf,
except,
blank,
size,
became,
more,
around,
least,
said,
tropical,
melted,
series,
control,
one,
paint,
development,
give,
happen,
lift,
ride,
total,
supper,
west,
strike,
wood,
environment,
most,
product,
quite,
save,
studied,
neighbor,
section,
ahead,
lead,
pine,
chose,
remember,
respect,
camera,
sometime,
alike,
shelter,
toy,
could,
select,
husband,
business,
typical,
explore,
sugar,
magic,
throat,
bean,
become,
adventure,
wall,
secret,
weight,
phrase,
differ,
sheet,
television,
silent,
sitting,
land,
fire,
biggest,
ten,
rhyme,
taste,
office,
president,
ought,
silly,
train,
measure,
extra,
mighty,
firm,
gas,
principal,
instant,
on,
leave,
sitting,
directly,
order,
think,
high,
nobody,
trunk,
brother,
try,
shoulder,
step,
dried,
around,
ago,
silence,
that,
park,
railroad,
company,
experiment,
divide,
saved,
alone,
club,
women,
room,
audience,
pressure,
mental,
day,
whistle,
headed,
smallest,
friend,
run,
tales,
swim,
construction,
twice,
cookies,
quite,
wide,
vast,
shot,
rabbit,
teach,
flow,
asleep,
bottom,
becoming,
dot,
happen,
lot,
table,
horse,
stream,
horse,
shore,
develop,
football,
light,
passage,
everywhere,
number,
escape,
oxygen,
breath,
outline,
purple,
railroad,
take,
sign,
cheese,
pitch,
scale,
color,
excitement,
SAND,
recognize,
giving,
glass,
former,
elephant,
habit,
serious,
shallow,
state,
river,
given,
sale,
pencil,
noted,
whose,
organization,
deer,
safety,
size,
tie,
equator,
crowd,
tool,
stream,
tree,
variety,
cow,
suit,
down,
riding,
low,
process,
pull,
trade,
aboard,
bill,
fastened,
exciting,
trace,
merely,
thread,
promised,
grade,
gold,
public,
musical,
verb,
tie,
ordinary,
road,
nation,
forty,
purpose,
planned,
immediately,
came,
younger,
fellow,
hat,
correct,
ago,
national,
within,
factor,
scared,
eight,
material,
so,
seen,
pattern,
wire,
material,
flat,
construction,
means,
captain,
able,
correctly,
tea,
station,
cut,
feed,
lie,
specific,
heading,
constantly,
moon,
machinery,
hay,
class,
hard,
felt,
space,
began,
cry,
mice,
railroad,
tea,
of,
swimming,
settlers,
later,
clock,
begun,
wherever,
dog,
society,
bent,
through,
nine,
gave,
stop,
cannot,
carbon,
seat,
warn,
flame,
stairs,
century,
lips,
member,
enter,
belt,
bad,
themselves,
bell,
congress,
accurate,
rice,
treated,
independent,
package,
whale,
distance,
carbon,
bean,
apartment,
thick,
writing,
nose,
individual,
yourself,
garden,
pupil,
huge,
then,
land,
material,
little,
rough,
unusual,
drawn,
vowel,
back,
completely,
lay,
paper,
silent,
earlier,
milk,
camp,
facing,
someone,
people,
industry,
relationship,
forth,
just,
surprise,
object,
let,
fruit,
symbol,
bet,
everywhere,
news,
unless,
surrounded,
copper,
dark,
west,
driver,
sat,
truth,
similar,
usual,
explain,
first,
strength,
principle,
shut,
turn,
breathing,
goes,
silent,
uncle,
globe,
surface,
there,
edge,
got,
go,
oil,
eaten,
club,
horn,
milk,
into,
almost,
orange,
money,
additional,
feature,
list,
level,
father,
variety,
sharp,
huge,
size,
lucky,
stretch,
hand,
common,
live,
instrument,
held,
gas,
southern,
location,
policeman,
forgotten,
guide,
clear,
boat,
crop,
flew,
distance,
fast,
certain,
because,
identity,
plates,
pet,
follow,
basic,
give,
dull,
whispered,
each,
vote,
stay,
relationship,
claws,
therefore,
field,
flight,
had,
planned,
coach,
life,
traffic,
brave,
clear,
laid,
refused,
layers,
whatever,
breathing,
detail,
music,
market,
trunk,
become,
with,
dropped,
suppose,
poet,
nor,
thread,
all,
riding,
did,
breakfast,
court,
vast,
easily,
clothing,
off,
whale,
victory,
apple,
giant,
forth,
wool,
whistle,
track,
early,
angry,
jet,
laugh,
month,
work,
rabbit,
joy,
none,
dull,
distant,
group,
our,
cut,
habit,
weight,
sea,
cell,
strange,
weak,
account,
clock,
leaving,
up,
shake,
substance,
purple,
bite,
slept,
apart,
unusual,
tube,
usual,
came,
likely,
story,
highway,
hearing,
essential,
direction,
large,
fly,
rest,
now,
tool,
memory,
victory,
business,
sell,
rising,
writer,
powerful,
horse,
oldest,
blow,
summer,
exact,
telephone,
plain,
cent,
fierce,
kids,
flight,
within,
captain,
angry,
earlier,
helpful,
bank,
angry,
behind,
recognize,
wind,
angry,
voyage,
toy,
loose,
pen,
practice,
replace,
promised,
probably,
rather,
rubber,
there,
across,
field,
earlier,
harbor,
escape,
road,
small,
remove,
pine,
suddenly,
ground,
beat,
huge,
frog,
scared,
native,
additional,
satellites,
substance,
primitive,
wall,
shells,
morning,
fully,
share,
team,
bag,
up,
sad,
barn,
provide,
why,
stairs,
swung,
finish,
mind,
bell,
generally,
hang,
row,
weight,
thumb,
sheet,
folks,
pleasure,
military,
solid,
printed,
nine,
dawn,
desk,
roll,
health,
indeed,
ourselves,
star,
engine,
gift,
attention,
day,
straight,
why,
needs,
newspaper,
pound,
yourself,
him,
broad,
man,
pile,
judge,
cow,
event,
unit,
value,
see,
saved,
trouble,
obtain,
strong,
crowd,
shaking,
shoulder,
throw,
cave,
drink,
wide,
drew,
sort,
track,
colony,
jet,
aware,
measure,
else,
hill,
accurate,
fighting,
again,
cannot,
during,
buried,
am,
barn,
indeed,
party,
exciting,
partly,
lift,
late,
train,
death,
wonderful,
between,
growth,
missing,
hearing,
better,
hope,
such,
town,
transportation,
bare,
blank,
yard,
finest,
image,
torn,
found,
neighborhood,
sense,
according,
failed,
doing,
lunch,
people,
dawn,
fighting,
characteristic,
test,
front,
adult,
nervous,
start,
team,
breathing,
allow,
negative,
light,
nearby,
drop,
replied,
peace,
powder,
wing,
fine,
valley,
away,
settlers,
fought,
weight,
dance,
himself,
drop,
fact,
carry,
loose,
connected,
tent,
turn,
curious,
strength,
press,
excitement,
valley,
bite,
east,
real,
wet,
either,
buffalo,
fellow,
mistake,
angle,
parts,
among,
driving,
egg,
us,
at,
stay,
primitive,
fallen,
tent,
plus,
close,
plant,
copper,
respect,
equator,
useful,
think,
deal,
post,
present,
made,
lose,
setting,
none,
speed,
particularly,
tower,
cap,
classroom,
pleasant,
beat,
itself,
driver,
secret,
sure,
likely,
broken,
outline,
share,
office,
worker,
enjoy,
rose,
vapor,
dark,
liquid,
wash,
thread,
themselves,
air,
cent,
neighborhood,
am,
think,
sudden,
bare,
thou,
zoo,
weather,
press,
entire,
beat,
taken,
dance,
quite,
dozen,
ask,
circle,
promised,
either,
radio,
itself,
railroad,
physical,
win,
truth,
sport,
discovery,
property,
clearly,
negative,
plenty,
rest,
clean,
machine,
sale,
keep,
hundred,
nearer,
few,
under,
cloud,
wave,
themselves,
took,
stems,
asleep,
actual,
nearer,
his,
soon,
worry,
effect,
rule,
specific,
dangerous,
cell,
took,
song,
aloud,
some,
create,
went,
wait,
tower,
yesterday,
attention,
various,
tool,
gain,
kids,
answer,
drive,
instrument,
him,
wool,
children,
plant,
born,
question,
over,
mouse,
flower,
known,
pattern,
particular,
oil,
live,
fair,
bus,
properly,
fear,
cloth,
bean,
known,
temperature,
church,
habit,
diameter,
dropped,
onto,
school,
running,
wait,
tight,
special,
generally,
frog,
cook,
speech,
lying,
setting,
bank,
mixture,
corn,
last,
anywhere,
war,
softly,
post,
engineer,
wall,
from,
sweet,
cabin,
exactly,
agree,
easier,
choice,
tired,
driven,
hope,
dig,
rhythm,
title,
village,
appropriate,
shut,
voyage,
high,
vapor,
pond,
queen,
ground,
evidence,
stick,
flat,
modern,
begun,
bright,
hurried,
or,
them,
noun,
went,
darkness,
spider,
actually,
common,
primitive,
birth,
due,
weak,
mark,
mostly,
smaller,
beat,
compare,
telephone,
birth,
grandfather,
discover,
current,
price,
army,
metal,
let,
recently,
raw,
salmon,
with,
animal,
support,
introduced,
door,
captured,
palace,
shallow,
gather,
interior,
close,
shine,
repeat,
written,
pick,
other,
vote,
unusual,
swam,
conversation,
fierce,
worker,
health,
major,
construction,
consist,
softly,
sweet,
aboard,
barn,
serve,
hall,
steel,
tongue,
strength,
pattern,
somebody,
rhyme,
train,
shadow,
crowd,
occasionally,
factor,
couple,
had,
throat,
trade,
introduced,
judge,
whether,
in,
ruler,
pony,
fifty,
business,
idea,
dropped,
smooth,
is,
fight,
melted,
industry,
add,
widely,
saw,
rate,
inch,
page,
just,
mouse,
concerned,
river,
shelf,
pole,
what,
clearly,
port,
voice,
watch,
source,
massage,
spin,
became,
wear,
law,
several,
industry,
stranger,
cookies,
respect,
whispered,
variety,
accept,
determine,
not,
rabbit,
lunch,
warn,
diameter,
figure,
carried,
joined,
fell,
verb,
slightly,
lesson,
fighting,
failed,
live,
write,
sky,
helpful,
sold,
pie,
passage,
allow,
heard,
bend,
will,
fastened,
alive,
handsome,
has,
melted,
if,
down,
field,
further,
hole,
breathe,
snake,
sweet,
pure,
stronger,
of,
that,
shoulder,
love,
contain,
recall,
being,
swept,
negative,
direction,
greater,
positive,
trap,
wooden,
almost,
feed,
into,
stay,
then,
laugh,
hide,
mother,
bottle,
balloon,
flies,
fighting,
together,
onto,
brain,
when,
got,
atmosphere,
potatoes,
help,
than,
thick,
within,
meat,
composed,
smell,
younger,
snow,
rise,
draw,
growth,
running,
turn,
nor,
purple,
hunter,
down,
neck,
fall,
explain,
bush,
shallow,
teeth,
whom,
triangle,
exactly,
apple,
strength,
fellow,
characteristic,
should,
start,
else,
dish,
now,
flies,
donkey,
church,
thirty,
noun,
shine,
snake,
forgot,
loud,
so,
mouth,
shade,
gather,
area,
burn,
strength,
species,
using,
interior,
ahead,
while,
wish,
coat,
each,
exclaimed,
planned,
indeed,
command,
claws,
year,
again,
take,
sleep,
search,
hung,
determine,
circus,
love,
her,
onto,
surprise,
mean,
anyone,
extra,
brass,
only,
supply,
new,
invented,
trace,
bee,
key,
grown,
swing,
automobile,
section,
simple,
dance,
twelve,
positive,
possible,
wheel,
curious,
began,
stove,
harder,
trip,
our,
tune,
out,
slope,
hour,
adjective,
produce,
last,
limited,
against,
choice,
ride,
steam,
could,
living,
out,
oldest,
straw,
half,
fourth,
swept,
factory,
cream,
deer,
flat,
independent,
taken,
writer,
point,
strange,
cookies,
enough,
old,
top,
inch,
somebody,
weight,
fewer,
bet,
parts,
means,
exact,
mission,
dawn,
larger,
children,
examine,
teach,
scientist,
rise,
remember,
slope,
become,
tall,
birth,
standard,
party,
water,
black,
replied,
top,
tail,
enter,
imagine,
tales,
men,
value,
slept,
studying,
earth,
won,
everything,
service,
matter,
forget,
language,
thick,
down,
smoke,
beautiful,
like,
grabbed,
took,
corn,
bow,
special,
rate,
empty,
fifty,
closely,
wherever,
seems,
draw,
walk,
fox,
brown,
twice,
aid,
indicate,
count,
closer,
threw,
tongue,
being,
imagine,
solar,
rhythm,
heavy,
by,
drawn,
she,
manner,
burn,
curious,
business,
from,
food,
flies,
jungle,
guard,
terrible,
there,
frame,
similar,
difficulty,
moon,
therefore,
air,
seat,
return,
matter,
airplane,
motor,
putting,
seed,
remove,
bus,
object,
free,
courage,
lose,
warm,
forgot,
scale,
badly,
hurt,
extra,
tip,
iron,
pony,
said,
strange,
ants,
package,
rate,
brass,
sink,
library,
earth,
promised,
jump,
arm,
soldier,
else,
height,
just,
probably,
rhythm,
tall,
remember,
force,
herself,
meet,
drove,
soldier,
cap,
vote,
teeth,
largest,
opposite,
provide,
nothing,
fear,
already,
wife,
mean,
smoke,
brother,
breath,
over,
people,
fill,
chest,
atmosphere,
trip,
greater,
matter,
party,
flow,
practice,
nine,
wing,
library,
gun,
sometime,
let,
forest,
slight,
younger,
cell,
particular,
biggest,
symbol,
split,
fight,
clock,
shape,
village,
root,
someone,
or,
write,
home,
horse,
organized,
rabbit,
either,
community,
depend,
tide,
ruler,
blue,
donkey,
unhappy,
any,
chose,
indeed,
should,
log,
sick,
price,
industrial,
page,
island,
soap,
us,
yet,
joined,
him,
sheet,
shoot,
suppose,
man,
express,
contain,
told,
pull,
information,
experience,
telephone,
missing,
growth,
composed,
terrible,
mood,
somebody,
mark,
prevent,
kids,
properly,
sides,
rice,
age,
out,
cut,
he,
horse,
tower,
signal,
mice,
account,
goes,
belong,
type,
driving,
long,
method,
series,
nothing,
making,
listen,
blue,
type,
package,
paper,
angle,
climate,
trouble,
failed,
brief,
recent,
leather,
smell,
applied,
lunch,
sheet,
mixture,
herself,
mouse,
meat,
trip,
log,
rest,
fat,
discuss,
he,
repeat,
our,
toward,
has,
river,
bad,
package,
cannot,
mix,
individual,
definition,
carry,
broad,
row,
compare,
note,
nor,
taken,
quite,
too,
metal,
local,
spin,
please,
pile,
red,
journey,
make,
bring,
yet,
apart,
dropped,
lake,
information,
case,
dear,
caught,
attempt,
loud,
business,
fill,
wait,
loose,
largest,
dangerous,
earlier,
dinner,
simply,
future,
street,
gravity,
please,
powder,
boy,
prize,
hundred,
somewhere,
between,
handle,
stems,
morning,
young,
riding,
seems,
bill,
breathing,
negative,
girl,
contain,
north,
heading,
say,
manner,
where,
attention,
knife,
both,
mental,
between,
down,
physical,
heard,
neighborhood,
it,
higher,
progress,
fallen,
compound,
railroad,
automobile,
group,
yourself,
choose,
machine,
wise,
sport,
race,
compound,
below,
noun,
neighborhood,
beneath,
flower,
shaking,
list,
trouble,
that,
basket,
happily,
machinery,
contrast,
band,
till,
cowboy,
contain,
greatest,
red,
men,
forget,
sold,
year,
speak,
avoid,
grabbed,
brain,
establish,
finger,
sets,
easily,
hunter,
offer,
pay,
agree,
type,
establish,
daily,
atom,
black,
spite,
outer,
clearly,
her,
well,
meal,
birth,
climate,
tales,
live,
captain,
belong,
fallen,
bread,
shoe,
characteristic,
because,
special,
ahead,
eye,
within,
table,
poet,
pie,
cave,
court,
shinning,
social,
bell,
below,
seed,
away,
kill,
headed,
symbol,
explain,
triangle,
voice,
note,
plane,
experiment,
one,
color,
sail,
dog,
label,
cool,
improve,
shoe,
hardly,
acres,
size,
everywhere,
cool,
structure,
dress,
freedom,
broke,
pack,
closer,
ran,
party,
cut,
rice,
immediately,
verb,
voyage,
grow,
poor,
hall,
common,
thrown,
parts,
base,
group,
breathing,
situation,
pride,
children,
seldom,
earlier,
farther,
time,
observe,
solve,
sister,
scared,
soap,
solar,
hour,
wore,
fairly,
establish,
piano,
wore,
quick,
stepped,
dried,
giant,
jungle,
neighborhood,
settlers,
base,
space,
balance,
porch,
again,
snake,
round,
seven,
wet,
everyone,
organized,
man,
fox,
fallen,
wrong,
shut,
what,
film,
off,
excitement,
perfectly,
cat,
nest,
tree,
hollow,
breathing,
cap,
hollow,
friendly,
sometime,
add,
hill,
cry,
handle,
damage,
cost,
muscle,
previous,
stay,
colony,
daily,
famous,
metal,
victory,
parts,
shape,
shaking,
joined,
recent,
SAND,
instrument,
loud,
social,
fall,
broad,
fell,
calm,
after,
man,
grabbed,
doing,
ate,
government,
hard,
useful,
seen,
hospital,
hour,
prevent,
plane,
given,
hide,
tongue,
form,
pan,
pass,
year,
sat,
coming,
dig,
cake,
mice,
other,
wooden,
sharp,
expression,
tank,
door,
given,
shirt,
push,
universe,
pile,
shown,
develop,
if,
lake,
customs,
whatever,
pleasure,
same,
quarter,
obtain,
favorite,
nearby,
bill,
grew,
we,
since,
season,
dish,
foot,
fact,
hardly,
speed,
although,
triangle,
standard,
mind,
review,
search,
couple,
work,
willing,
pig,
actual,
including,
including,
winter,
consider,
heading,
apple,
about,
monkey,
invented,
occasionally,
plural,
shoe,
silk,
post,
line,
successful,
never,
end,
tune,
freedom,
land,
find,
higher,
scale,
building,
tomorrow,
port,
porch,
arrow,
agree,
plate,
giving,
trace,
fight,
identity,
forest,
hunter,
becoming,
studied,
come,
that,
express,
yourself,
led,
aboard,
while,
least,
nearby,
rather,
highest,
division,
though,
tell,
pride,
actually,
composed,
hold,
system,
curious,
supper,
pictured,
sense,
science,
lake,
seeing,
bread,
possibly,
said,
trick,
butter,
tomorrow,
sign,
strength,
instrument,
nuts,
automobile,
bell,
further,
explanation,
appearance,
war,
blanket,
mad,
bound,
needle,
straw,
replace,
bottom,
lake,
ourselves,
pool,
sail,
troops,
sort,
straight,
leaf,
pick,
out,
safety,
tail,
tail,
creature,
lying,
planned,
printed,
settle,
operation,
her,
danger,
car,
teach,
colony,
stepped,
lovely,
broken,
reason,
fierce,
dish,
motor,
damage,
environment,
motion,
forgot,
burn,
lonely,
new,
pond,
attached,
safety,
girl,
felt,
passage,
quick,
review,
my,
park,
snake,
seldom,
week,
ride,
possibly,
ball,
chapter,
dish,
organization,
problem,
snow,
union,
example,
favorite,
beyond,
spent,
completely,
yellow,
ants,
secret,
cabin,
age,
how,
saddle,
grown,
both,
curious,
greatest,
coach,
slip,
pull,
pocket,
kill,
gate,
canal,
barn,
team,
engine,
concerned,
might,
equal,
broken,
hurt,
coach,
arrow,
inside,
where,
complete,
thousand,
useful,
made,
son,
our,
other,
fireplace,
aside,
roar,
tower,
curve,
death,
heavy,
religious,
progress,
nodded,
pink,
whether,
bush,
second,
race,
talk,
strike,
lying,
contain,
noted,
purple,
bone,
spider,
moving,
citizen,
sad,
stared,
baby,
arrive,
construction,
taken,
hope,
lay,
kids,
shinning,
interest,
two,
tell,
pleasure,
opinion,
stepped,
strip,
research,
goes,
husband,
quickly,
passage,
massage,
put,
sun,
widely,
scene,
news,
guard,
anybody,
actually,
complete,
knife,
secret,
tax,
fill,
happen,
heart,
bicycle,
stronger,
get,
difference,
lose,
giant,
count,
soldier,
warn,
in,
green,
cook,
hay,
am,
cell,
instrument,
only,
blanket,
substance,
graph,
sat,
border,
browserling,
spread,
identity,
brown,
dull,
dry,
experiment,
busy,
situation,
clock,
belt,
larger,
wife,
want,
result,
military,
worry,
quickly,
shape,
you,
completely,
cake,
camp,
soap,
aside,
declared,
whom,
bar,
fuel,
gone,
before,
advice,
numeral,
former,
slide,
tin,
hang,
bow,
duty,
instance,
stream,
back,
region,
five,
person,
aloud,
won,
boat,
chicken,
tomorrow,
baby,
stranger,
bare,
slipped,
halfway,
teacher,
signal,
mill,
advice,
bad,
story,
reason,
satisfied,
sky,
turn,
that,
six,
worry,
food,
many,
up,
page,
attack,
empty,
history,
fireplace,
smoke,
group,
various,
ancient,
interior,
between,
mother,
north,
interior,
vast,
bit,
instrument,
sent,
discover,
southern,
exciting,
unless,
wire,
weigh,
greatly,
local,
government,
hundred,
lie,
over,
heavy,
station,
bee,
victory,
loose,
increase,
needle,
pile,
from,
obtain,
cold,
white,
butter,
slip,
pony,
gentle,
this,
cook,
park,
little,
thee,
outside,
pale,
perhaps,
alone,
breathing,
addition,
leaving,
equator,
explanation,
tired,
nothing,
evidence,
cake,
enjoy,
check,
little,
area,
keep,
door,
job,
joy,
suddenly,
percent,
week,
zero,
plain,
excellent,
heart,
above,
chest,
experience,
flow,
studying,
dirt,
badly,
function,
aboard,
there,
captain,
guess,
rose,
lesson,
upper,
region,
missing,
completely,
its,
strike,
continued,
bus,
student,
alive,
start,
trail,
earlier,
folks,
write,
please,
tank,
was,
dead,
write,
grass,
hunt,
ability,
snow,
learn,
crop,
these,
gently,
pressure,
moon,
gone,
natural,
bar,
hour,
pattern,
limited,
free,
hurry,
shape,
seven,
offer,
involved,
daily,
upper,
sit,
feed,
hang,
only,
way,
burst,
soap,
trick,
fear,
terrible,
myself,
type,
not,
best,
fair,
thing,
half,
for,
long,
mean,
probably,
dinner,
steep,
suppose,
snake,
around,
somebody,
cap,
noun,
adjective,
date,
ring,
market,
weight,
hope,
cage,
belt,
soldier,
instance,
dry,
plenty,
not,
his,
proud,
shore,
art,
gather,
general,
between,
ran,
pupil,
pie,
hello,
concerned,
second,
depend,
satisfied,
rocket,
experience,
stove,
town,
game,
hair,
cost,
writer,
small,
pride,
building,
unhappy,
greater,
gold,
drew,
out,
where,
size,
current,
work,
putting,
college,
vote,
please,
train,
name,
rock,
loud,
to,
base,
find,
pleasant,
spider,
court,
path,
bend,
list,
sides,
newspaper,
steep,
especially,
particular,
watch,
air,
amount,
house,
fine,
cool,
example,
pitch,
shown,
onlinetools,
clay,
trail,
adult,
tears,
hill,
fighting,
room,
danger,
verb,
discuss,
basket,
lot,
hunt,
game,
energy,
straight,
does,
still,
trace,
pony,
completely,
force,
close,
help,
see,
examine,
pan,
before,
tax,
involved,
means,
stepped,
choice,
new,
advice,
repeat,
full,
solar,
shoot,
clock,
forgotten,
stone,
composition,
barn,
total,
shout,
expect,
station,
easier,
occur,
ancient,
figure,
palace,
fair,
easily,
ship,
price,
whom,
mind,
muscle,
musical,
age,
diameter,
apple,
becoming,
must,
chart,
through,
near,
raise,
studying,
repeat,
manufacturing,
highway,
cold,
pictured,
cool,
among,
rate,
nine,
thirty,
salt,
go,
money,
nails,
west,
spite,
cut,
upon,
slide,
detail,
lunch,
expect,
soon,
lake,
citizen,
boat,
passage,
suggest,
off,
in,
that,
comfortable,
cage,
including,
bark,
heart,
black,
partly,
advice,
someone,
influence,
especially,
listen,
forest,
progress,
valley,
stopped,
right,
refer,
shout,
fuel,
even,
sat,
circle,
wave,
adventure,
earlier,
join,
missing,
call,
including,
company,
layers,
represent,
action,
common,
parent,
native,
built,
wool,
swept,
capital,
exercise,
unit,
traffic,
twenty,
pound,
grow,
church,
dozen,
sort,
observe,
similar,
grew,
poor,
eager,
somebody,
leave,
essential,
taught,
fuel,
rubbed,
recent,
was,
hair,
these,
clothing,
old,
master,
ought,
fed,
effect,
represent,
ran,
appropriate,
close,
ants,
hurried,
shoe,
function,
daily,
office,
acres,
attack,
whom,
carbon,
keep,
that,
help,
listen,
magic,
lose,
were,
decide,
environment,
species,
policeman,
movie,
knife,
source,
remove,
someone,
mixture,
pool,
south,
built,
willing,
trick,
its,
slight,
life,
general,
ordinary,
strip,
written,
herd,
facing,
speak,
pocket,
aloud,
got,
sum,
surrounded,
beside,
property,
rear,
however,
fairly,
coffee,
finish,
silence,
rising,
applied,
likely,
club,
swung,
into,
clothes,
control,
vertical,
mad,
two,
aid,
lake,
pocket,
concerned,
above,
took,
top,
scene,
soil,
giving,
just,
power,
fruit,
pine,
center,
highway,
instrument,
top,
nuts,
setting,
root,
height,
modern,
policeman,
you,
struck,
diameter,
cannot,
climate,
where,
attached,
learn,
observe,
effort,
distant,
nuts,
do,
north,
happen,
log,
tax,
variety,
attempt,
trick,
ability,
exchange,
avoid,
single,
energy,
had,
problem,
older,
floor,
example,
atom,
thus,
lake,
cool,
nobody,
person,
jet,
engineer,
instrument,
stranger,
sleep,
hat,
die,
especially,
tool,
field,
lake,
shelter,
pure,
pass,
stepped,
happened,
gradually,
of,
day,
tried,
stiff,
scientist,
fairly,
twenty,
none,
introduced,
town,
chamber,
mud,
similar,
worker,
took,
coach,
in,
planned,
along,
catch,
riding,
bound,
burst,
wonderful,
local,
though,
vegetable,
milk,
year,
kill,
folks,
fur,
health,
perfect,
object,
eaten,
facing,
plane,
expression,
health,
magnet,
lunch,
matter,
farmer,
unhappy,
upper,
control,
adult,
getting,
most,
list,
plan,
construction,
bean,
death,
ask,
gold,
provide,
example,
huge,
saved,
chair,
class,
show,
square,
lady,
hurry,
human,
build,
melted,
policeman,
six,
voice,
badly,
taken,
vapor,
manufacturing,
statement,
feature,
explain,
roll,
already,
handsome,
slightly,
snake,
author,
available,
shaking,
four,
lady,
frozen,
children,
lucky,
ranch,
shaking,
guess,
newspaper,
could,
universe,
behind,
until,
travel,
bill,
north,
throat,
chicken,
development,
green,
triangle,
strong,
scared,
rich,
cook,
radio,
people,
atom,
number,
equal,
supply,
running,
range,
boy,
sound,
climb,
west,
could,
standard,
clock,
send,
pile,
street,
chicken,
dangerous,
grain,
grown,
desert,
wherever,
garage,
open,
mass,
bigger,
SAND,
author,
darkness,
instrument,
account,
parts,
whether,
ride,
bridge,
produce,
series,
stranger,
be,
hospital,
battle,
strength,
noted,
four,
flies,
bus,
forward,
citizen,
traffic,
support,
breeze,
had,
mother,
quite,
conversation,
blank,
travel,
jet,
thee,
receive,
usually,
closely,
lungs,
soon,
wrapped,
potatoes,
mile,
hold,
cow,
pot,
that,
safety,
support,
transportation,
there,
know,
work,
done,
block,
fight,
riding,
west,
mouth,
announced,
solar,
lower,
depth,
farm,
baseball,
needle,
across,
course,
led,
wait,
come,
verb,
noise,
signal,
him,
toward,
eaten,
including,
aware,
idea,
shown,
three,
asleep,
drove,
general,
arm,
felt,
sudden,
ahead,
ground,
making,
system,
shot,
contain,
has,
list,
theory,
giving,
toy,
fruit,
toward,
nature,
lesson,
log,
raw,
chain,
ability,
of,
in,
given,
hour,
recall,
receive,
slight,
loose,
report,
meat,
college,
read,
basic,
copy,
silence,
shape,
red,
case,
to,
line,
cap,
daughter,
date,
other,
more,
about,
guess,
thread,
he,
fresh,
unit,
pot,
around,
quietly,
warn,
your,
boy,
heat,
tightly,
hide,
log,
troops,
rule,
separate,
foot,
bit,
foreign,
himself,
increase,
stronger,
feed,
pay,
coffee,
sunlight,
tip,
anywhere,
fifth,
actual,
century,
shorter,
mouth,
perhaps,
bring,
nearly,
mountain,
off,
alike,
animal,
mathematics,
rope,
cover,
visitor,
yesterday,
dream,
rain,
room,
till,
upward,
army,
difficulty,
yet,
physical,
oldest,
drawn,
still,
produce,
elephant,
boat,
ring,
difficulty,
shoe,
final,
war,
saddle,
likely,
exist,
piano,
thank,
slow,
writing,
attached,
slabs,
sell,
useful,
wet,
course,
wherever,
sit,
design,
unit,
talk,
composed,
making,
fallen,
buffalo,
swept,
pack,
southern,
hung,
smile,
forth,
task,
sentence,
bill,
won,
range,
magnet,
whether,
information,
rule,
whale,
tried,
member,
that,
move,
cause,
close,
straight,
sign,
police,
hay,
hung,
rays,
travel,
our,
moon,
city,
may,
straw,
exclaimed,
proper,
fix,
pen,
any,
gas,
camera,
note,
cry,
course,
fog,
fruit,
table,
curve,
lovely,
becoming,
select,
engine,
wheat,
circle,
decide,
camera,
serious,
fly,
require,
saddle,
record,
suit,
bag,
stronger,
making,
minute,
gather,
crop,
examine,
stay,
mouth,
pure,
gain,
rhythm,
dot,
does,
outline,
everything,
circus,
also,
place,
bet,
author,
kill,
consist,
bottom,
grabbed,
bush,
ice,
evening,
whole,
region,
nodded,
will,
poor,
cabin,
worry,
mind,
event,
people,
thus,
hay,
scared,
hair,
opportunity,
upon,
greatly,
can,
earn,
slabs,
slide,
top,
direction,
suppose,
top,
better,
rocky,
say,
means,
deer,
key,
official,
evening,
saw,
size,
major,
planning,
purple,
series,
plates,
faster,
carefully,
spread,
donkey,
keep,
write,
someone,
find,
yard,
city,
stopped,
camera,
before,
dug,
favorite,
busy,
moon,
pine,
property,
yellow,
stranger,
conversation,
shall,
pocket,
itself,
piece,
oldest,
little,
with,
child,
present,
farther,
garage,
dust,
engine,
who,
crowd,
entire,
square,
coat,
team,
mirror,
beneath,
tower,
pot,
island,
ranch,
gray,
ball,
couple,
simple,
lost,
log,
combination,
treated,
location,
medicine,
route,
pay,
relationship,
cow,
darkness,
layers,
car,
captured,
find,
sitting,
behavior,
storm,
seeing,
local,
classroom,
fell,
object,
soil,
thousand,
job,
follow,
walk,
dirt,
article,
distant,
rubbed,
stared,
sound,
writer,
sad,
hope,
being,
thing,
clear,
political,
office,
mix,
mice,
frozen,
mountain,
call,
rise,
highest,
under,
guide,
key,
curve,
fly,
music,
simply,
ahead,
brain,
quiet,
research,
castle,
shop,
only,
plural,
may,
onto,
official,
is,
scared,
complex,
this,
modern,
exchange,
create,
cry,
slip,
peace,
pony,
zero,
join,
tell,
sets,
angry,
to,
step,
rather,
uncle,
loose,
train,
you,
buy,
temperature,
settle,
usually,
complete,
whether,
difficult,
surprise,
mean,
basic,
map,
mysterious,
church,
feature,
station,
double,
itself,
everyone,
example,
people,
done,
wheat,
he,
facing,
wind,
property,
late,
decide,
tower,
shown,
discuss,
finish,
creature,
usually,
particular,
pain,
saved,
production,
faster,
sides,
twenty,
case,
period,
band,
duty,
invented,
porch,
class,
thank,
coat,
bigger,
carefully,
grade,
troops,
rush,
mass,
way,
crop,
judge,
pack,
post,
primitive,
exist,
eaten,
bee,
accurate,
suddenly,
gently,
nothing,
research,
fewer,
military,
locate,
did,
plates,
biggest,
queen,
pass,
empty,
least,
anybody,
hot,
living,
possibly,
social,
wash,
additional,
ordinary,
start,
fewer,
suddenly,
stems,
exactly,
advice,
research,
fallen,
product,
tomorrow,
loud,
quietly,
threw,
post,
choice,
weigh,
paid,
shelf,
stems,
understanding,
political,
without,
trace,
biggest,
universe,
origin,
electric,
hidden,
never,
said,
finest,
college,
across,
burst,
quick,
stuck,
separate,
bring,
half,
difficulty,
date,
officer,
shelter,
lady,
secret,
six,
church,
himself,
lonely,
welcome,
appropriate,
willing,
larger,
hope,
dozen,
stand,
cabin,
act,
sheet,
frequently,
food,
small,
watch,
poem,
seed,
interest,
shake,
leather,
rays,
same,
relationship,
street,
seed,
later,
reason,
hunter,
ate,
press,
constantly,
metal,
this,
very,
doctor,
told,
alike,
bell,
vapor,
parts,
save,
every,
further,
land,
equally,
provide,
command,
has,
group,
climate,
whenever,
trap,
clothes,
morning,
ten,
old,
against,
dream,
clean,
globe,
knife,
height,
pay,
inside,
look,
fully,
tower,
wolf,
foreign,
while,
final,
browserling,
yes,
laid,
unhappy,
willing,
island,
lunch,
living,
definition,
history,
sang,
given,
milk,
birthday,
trail,
feed,
involved,
interior,
common,
fun,
chamber,
few,
pale,
chance,
nation,
group,
whistle,
treated,
noise,
species,
grew,
quickly,
pride,
grandfather,
silk,
copy,
running,
space,
most,
bottle,
pink,
classroom,
cook,
hill,
engine,
will,
closely,
letter,
additional,
art,
successful,
correctly,
root,
pair,
average,
between,
effect,
too,
built,
mail,
industry,
answer,
unusual,
surface,
village,
certainly,
mental,
television,
flight,
suppose,
was,
concerned,
stared,
greater,
team,
clearly,
country,
closely,
little,
hidden,
trunk,
bright,
reason,
warm,
element,
place,
smooth,
population,
eaten,
fresh,
control,
count,
road,
step,
tonight,
hold,
gate,
small,
sign,
division,
local,
select,
poem,
him,
pale,
notice,
dirt,
baby,
reader,
various,
bear,
consonant,
space,
tell,
thrown,
stranger,
our,
best,
lonely,
lucky,
capital,
easier,
period,
phrase,
foot,
stairs,
shade,
pick,
heavy,
branch,
identity,
fully,
generally,
eaten,
theory,
paragraph,
football,
iron,
feathers,
dried,
frozen,
swam,
leader,
again,
family,
castle,
nearer,
smooth,
fallen,
pressure,
bread,
yet,
dug,
success,
state,
nation,
larger,
origin,
aid,
gift,
draw,
end,
if,
swept,
news,
firm,
lonely,
am,
century,
record,
pet,
meat,
correct,
basis,
suggest,
easy,
increase,
up,
try,
negative,
creature,
safe,
proud,
part,
exclaimed,
down,
dead,
religious,
corn,
lie,
warm,
mission,
affect,
meal,
occur,
dear,
people,
size,
trunk,
blow,
spread,
joined,
deeply,
condition,
ship,
kept,
further,
sum,
halfway,
angle,
gave,
did,
image,
liquid,
throughout,
question,
design,
plate,
fellow,
desert,
rising,
with,
gate,
situation,
sang,
open,
alike,
were,
whose,
see,
rays,
thread,
ate,
method,
western,
second,
label,
shirt,
importance,
mean,
best,
village,
spring,
terrible,
replied,
cream,
speak,
alone,
tears,
frighten,
vapor,
you,
not,
account,
quick,
circle,
easier,
hello,
globe,
therefore,
beautiful,
loud,
final,
spring,
motion,
buffalo,
yes,
education,
previous,
personal,
mail,
prize,
series,
milk,
came,
cutting,
egg,
shirt,
uncle,
physical,
village,
brother,
coal,
men,
under,
near,
car,
cause,
possibly,
determine,
hit,
block,
vapor,
escape,
colony,
structure,
secret,
onlinetools,
upward,
railroad,
school,
outline,
inside,
flag,
color,
giant,
decide,
final,
sudden,
each,
cook,
rhythm,
keep,
plain,
darkness,
handle,
favorite,
greater,
stairs,
show,
basis,
cowboy,
knife,
war,
reason,
hospital,
gravity,
studied,
driven,
trace,
want,
bigger,
tent,
primitive,
example,
lungs,
peace,
whom,
catch,
fill,
slept,
constantly,
brass,
native,
hall,
cattle,
two,
finest,
effect,
nearby,
dust,
double,
vegetable,
joy,
palace,
cold,
laugh,
cowboy,
rubbed,
force,
tiny,
enter,
knife,
thirty,
from,
there,
harbor,
probably,
rocket,
while,
ability,
storm,
proper,
post,
yourself,
too,
contrast,
fastened,
activity,
sold,
find,
piece,
tall,
wrong,
family,
mysterious,
fully,
halfway,
cutting,
function,
check,
who,
setting,
up,
each,
graph,
sale,
ball,
aware,
quickly,
strength,
task,
solar,
till,
almost,
noon,
substance,
truth,
six,
ride,
solar,
sad,
surrounded,
grass,
gold,
mirror,
shelf,
making,
safety,
matter,
it,
gulf,
made,
shot,
gently,
compound,
student,
task,
structure,
gift,
milk,
energy,
three,
closely,
person,
citizen,
composition,
route,
headed,
team,
relationship,
light,
him,
rope,
pilot,
maybe,
natural,
vowel,
you,
couple,
other,
go,
best,
baby,
wagon,
leaving,
diagram,
browserling,
off,
laid,
telephone,
few,
dull,
east,
corner,
both,
away,
law,
factory,
hidden,
root,
knife,
blind,
battle,
report,
begun,
shelf,
attached,
happy,
care,
rod,
drop,
nation,
political,
weather,
sleep,
support,
watch,
cutting,
introduced,
lungs,
blow,
swimming,
soft,
grass,
exactly,
score,
horse,
fourth,
alike,
correctly,
depend,
instead,
queen,
please,
meat,
sides,
bare,
against,
gold,
factor,
anyone,
thing,
face,
object,
aboard,
theory,
brain,
smaller,
right,
most,
act,
yesterday,
want,
turn,
poor,
married,
hold,
product,
bow,
bar,
bottle,
jungle,
gate,
forgotten,
inside,
paper,
occasionally,
bit,
no,
tonight,
setting,
obtain,
village,
construction,
sang,
basis,
whispered,
written,
point,
cent,
soft,
blew,
beginning,
stared,
card,
worse,
teach,
spell,
taken,
pig,
right,
root,
refer,
table,
roll,
lovely,
telephone,
mission,
changing,
helpful,
ride,
moving,
catch,
probably,
with,
ready,
felt,
section,
treated,
labor,
feel,
three,
brave,
himself,
funny,
scale,
knew,
political,
respect,
loss,
kill,
had,
whenever,
pass,
goose,
observe,
fight,
work,
noun,
valley,
everyone,
pencil,
fill,
possible,
path,
solid,
bone,
require,
everywhere,
palace,
chair,
mathematics,
battle,
drove,
just,
teach,
news,
thy,
winter,
temperature,
mill,
tool,
are,
week,
successful,
cattle,
depth,
everybody,
bring,
combine,
herd,
function,
ranch,
grade,
furniture,
expression,
husband,
pack,
ear,
spider,
mission,
voyage,
thin,
laid,
nice,
wonder,
rich,
hospital,
blew,
soon,
second,
month,
light,
peace,
pair,
city,
value,
bark,
walk,
search,
wall,
broad,
leave,
settlers,
invented,
pine,
camp,
rear,
work,
silence,
gate,
escape,
sure,
aloud,
connected,
tight,
deal,
other,
division,
honor,
diameter,
something,
aloud,
plain,
flower,
task,
muscle,
cloud,
seven,
powerful,
similar,
never,
proud,
introduced,
operation,
base,
reach,
brief,
church,
ill,
smallest,
if,
home,
breath,
shall,
discuss,
lose,
mad,
rapidly,
smoke,
nature,
yard,
laugh,
fight,
pencil,
truth,
living,
rain,
lack,
follow,
ordinary,
must,
business,
use,
early,
secret,
flag,
older,
share,
situation,
dinner,
melted,
cake,
burn,
garden,
room,
took,
that,
five,
tears,
swing,
dear,
regular,
energy,
nails,
nothing,
melted,
fellow,
cake,
count,
went,
with,
phrase,
bank,
composed,
balance,
gas,
studied,
month,
still,
throughout,
shelf,
they,
colony,
slept,
habit,
wooden,
modern,
fuel,
skin,
behind,
corner,
this,
column,
song,
these,
time,
fighting,
operation,
deer,
nor,
somewhere,
pie,
bow,
central,
understanding,
smooth,
rest,
official,
song,
accident,
similar,
over,
instead,
everywhere,
bee,
spite,
floor,
five,
letter,
noon,
fur,
felt,
traffic,
rhyme,
copper,
flew,
shot,
tears,
common,
pour,
industrial,
unhappy,
form,
main,
especially,
indeed,
carried,
nine,
fairly,
swing,
plastic,
distance,
declared,
measure,
won,
usually,
tears,
mean,
plane,
social,
thin,
arrange,
hit,
deeply,
note,
angle,
over,
actually,
boat,
hearing,
let,
peace,
order,
judge,
ride,
city,
becoming,
line,
bend,
winter,
unknown,
old,
clearly,
white,
began,
shoulder,
loud,
hurt,
low,
former,
dot,
feel,
cast,
bat,
idea,
pine,
near,
neck,
attack,
war,
harbor,
bus,
step,
folks,
nearby,
invented,
funny,
law,
bush,
visitor,
driven,
story,
met,
young,
usually,
easily,
cattle,
thing,
naturally,
being,
sure,
wealth,
past,
improve,
without,
last,
directly,
guard,
composition,
bank,
job,
tower,
colony,
crowd,
hearing,
settle,
conversation,
shoe,
organization,
sign,
kept,
home,
collect,
sun,
image,
best,
military,
species,
suggest,
grade,
fast,
themselves,
tie,
different,
tool,
herself,
hole,
market,
society,
together,
circle,
army,
wing,
flat,
properly,
using,
entirely,
stronger,
laugh,
short,
movie,
upward,
tribe,
spirit,
herd,
constantly,
range,
power,
leaving,
occasionally,
simplest,
join,
telephone,
rays,
brother,
lion,
silly,
contrast,
planning,
similar,
article,
wrapped,
connected,
sharp,
over,
eager,
naturally,
freedom,
rise,
cannot,
continent,
effect,
led,
hide,
point,
people,
eager,
blanket,
press,
describe,
mail,
run,
information,
rush,
properly,
asleep,
shout,
means,
vast,
correctly,
apartment,
frequently,
bell,
birds,
seed,
remarkable,
changing,
globe,
remain,
without,
replied,
star,
thou,
stop,
receive,
length,
means,
apart,
great,
slipped,
carefully,
fear,
mainly,
village,
manner,
headed,
at,
fog,
wash,
nothing,
fast,
girl,
floating,
cold,
difficulty,
plural,
middle,
which,
further,
swimming,
worth,
thank,
fellow,
sure,
western,
hurried,
contain,
team,
fought,
label,
wrong,
prepare,
talk,
too,
money,
truth,
mail,
where,
manner,
blanket,
loose,
happily,
selection,
hunt,
fell,
built,
exercise,
negative,
strength,
bill,
edge,
cotton,
heat,
cheese,
piano,
mine,
previous,
compass,
figure,
add,
product,
road,
dust,
easier,
tent,
child,
moving,
nearby,
plates,
within,
seeing,
parts,
surface,
weather,
white,
former,
brief,
jet,
neighborhood,
something,
sugar,
speech,
number,
shall,
pool,
attempt,
flower,
map,
writer,
harder,
poet,
salmon,
place,
represent,
eight,
gone,
shoulder,
garage,
branch,
widely,
about,
myself,
my,
cry,
season,
suit,
feathers,
thin,
tall,
black,
friendly,
square,
favorite,
major,
found,
music,
attack,
just,
particles,
question,
further,
knew,
flower,
brief,
classroom,
orange,
take,
harbor,
tea,
wooden,
future,
symbol,
later,
brush,
climb,
apple,
sold,
difference,
deeply,
wealth,
locate,
gray,
serious,
wood,
laid,
dawn,
few,
struggle,
newspaper,
label,
judge,
folks,
castle,
sides,
fill,
anything,
satisfied,
brought,
massage,
hot,
him,
adventure,
where,
shine,
treated,
boy,
pass,
went,
dear,
should,
blue,
triangle,
company,
become,
telephone,
shut,
magic,
stopped,
split,
jump,
inch,
attention,
who,
through,
memory,
tiny,
rule,
scene,
outside,
gun,
sure,
element,
act,
decide,
mountain,
ate,
lower,
neck,
floating,
thing,
lift,
amount,
tank,
blanket,
television,
said,
wear,
drop,
climate,
solution,
hunter,
break,
pick,
cap,
specific,
window,
seed,
forest,
twenty,
cast,
laugh,
pan,
are,
typical,
ill,
fifteen,
exact,
outline,
very,
relationship,
information,
ability,
pay,
all,
night,
job,
bell,
sudden,
everything,
root,
west,
lying,
cross,
outer,
in,
system,
today,
mind,
wild,
kitchen,
drop,
social,
select,
within,
tree,
meal,
children,
stiff,
pilot,
worker,
building,
involved,
rapidly,
height,
putting,
letter,
through,
rocket,
say,
ran,
definition,
black,
person,
labor,
tip,
cookies,
aware,
choice,
sat,
hair,
gentle,
among,
forgotten,
paint,
except,
brown,
form,
necessary,
queen,
tall,
quietly,
our,
we,
has,
dry,
environment,
stuck,
outer,
coal,
industry,
am,
up,
what,
chapter,
found,
local,
park,
swimming,
promised,
shallow,
stronger,
vast,
higher,
scared,
tent,
pair,
into,
section,
ago,
particularly,
group,
came,
winter,
busy,
lie,
young,
whole,
fairly,
charge,
pocket,
donkey,
given,
trick,
television,
not,
somebody,
traffic,
student,
expression,
smile,
end,
pilot,
memory,
open,
current,
purple,
shelter,
material,
island,
life,
swung,
exciting,
seven,
order,
swam,
water,
bound,
closely,
plural,
tales,
flower,
corner,
office,
amount,
biggest,
one,
political,
sport,
occur,
social,
slipped,
start,
shoe,
him,
sugar,
clothing,
middle,
tales,
bigger,
island,
mistake,
been,
former,
paid,
shore,
colony,
toward,
told,
tall,
idea,
opportunity,
invented,
put,
anyone,
standard,
found,
course,
explanation,
happen,
lunch,
green,
stage,
chest,
too,
wait,
bicycle,
stop,
wool,
rise,
sang,
gun,
offer,
hide,
herd,
send,
glass,
so,
fur,
rod,
music,
pond,
outside,
complete,
meant,
traffic,
vessels,
able,
map,
limited,
hit,
support,
exclaimed,
pipe,
helpful,
wait,
shells,
night,
over,
factory,
tightly,
someone,
immediately,
syllable,
element,
declared,
planning,
clear,
supply,
hunt,
reader,
push,
native,
cheese,
factor,
electric,
how,
small,
song,
magic,
education,
white,
weight,
struggle,
widely,
problem,
trip,
greater,
day,
few,
shorter,
mind,
signal,
ill,
could,
yes,
wood,
stuck,
magic,
desk,
hay,
itself,
connected,
frequently,
seat,
west,
dry,
instrument,
brother,
improve,
soldier,
troops,
terrible,
yes,
held,
left,
wear,
noise,
soft,
farm,
struck,
community,
mother,
gate,
relationship,
came,
energy,
from,
born,
bean,
love,
able,
current,
faster,
stiff,
trunk,
lead,
loss,
beneath,
guess,
he,
adult,
satellites,
mixture,
skill,
over,
melted,
practice,
opportunity,
no,
tight,
plus,
helpful,
piece,
ourselves,
clearly,
smallest,
map,
discussion,
continent,
being,
recall,
let,
himself,
coming,
mental,
adjective,
green,
vowel,
nervous,
weight,
national,
whispered,
told,
simple,
recently,
manufacturing,
occasionally,
flew,
anybody,
higher,
worry,
burst,
shot,
many,
duty,
gradually,
cap,
leaf,
disease,
fallen,
refer,
store,
film,
own,
atom,
pleasant,
necessary,
sent,
base,
impossible,
high,
carefully,
tide,
author,
visitor,
elephant,
watch,
amount,
least,
sick,
away,
package,
frog,
taste,
neighborhood,
spend,
through,
fat,
deeply,
his,
shine,
locate,
loose,
example,
shinning,
industrial,
turn,
height,
slow,
snow,
gather,
exact,
friendly,
account,
concerned,
easily,
put,
involved,
final,
southern,
problem,
string,
increase,
stuck,
west,
go,
water,
expect,
ago,
suggest,
beside,
reader,
clock,
arrive,
somehow,
straight,
practice,
fly,
adventure,
lift,
meal,
chose,
upon,
rather,
tiny,
president,
eat,
police,
direction,
habit,
came,
forty,
example,
anywhere,
leg,
shop,
just,
across,
herself,
go,
roll,
figure,
frequently,
equally,
number,
object,
gulf,
stock,
sunlight,
add,
difficulty,
fully,
steam,
definition,
plan,
mill,
help,
bite,
proud,
point,
pet,
could,
captured,
score,
fact,
enjoy,
birth,
per,
tears,
spoken,
rice,
lunch,
smoke,
cotton,
favorite,
steam,
worried,
provide,
against,
shirt,
baseball,
length,
grow,
environment,
apart,
section,
anyone,
former,
principal,
farmer,
organization,
ready,
service,
rapidly,
quite,
loose,
meant,
supper,
draw,
fall,
space,
soap,
wagon,
swept,
or,
hurried,
tone,
buried,
joy,
bear,
won,
chair,
rubbed,
evidence,
diameter,
tears,
education,
language,
fresh,
run,
clay,
explain,
identity,
herd,
support,
written,
active,
chamber,
later,
tired,
method,
giant,
force,
copper,
whatever,
connected,
gasoline,
star,
tape,
education,
giant,
poor,
parent,
twenty,
powerful,
chemical,
health,
chemical,
pie,
caught,
support,
work,
was,
what,
refer,
bigger,
putting,
stop,
then,
automobile,
handle,
essential,
generally,
house,
has,
statement,
view,
riding,
circle,
raise,
thousand,
birds,
pitch,
poetry,
caught,
product,
musical,
feathers,
perfectly,
do,
call,
clay,
indeed,
orbit,
ahead,
massage,
slide,
around,
pile,
break,
learn,
respect,
opposite,
happy,
dropped,
voice,
strong,
powerful,
border,
ought,
station,
anyway,
halfway,
location,
seen,
industrial,
exist,
independent,
specific,
environment,
tiny,
motor,
forty,
story,
sign,
better,
forget,
lake,
are,
whether,
condition,
beat,
pole,
outer,
happily,
laid,
pride,
win,
worker,
arrow,
stronger,
eight,
grow,
rush,
seven,
fourth,
sometime,
island,
vast,
probably,
completely,
gravity,
calm,
energy,
heard,
excitement,
situation,
author,
low,
captain,
means,
whom,
rule,
held,
pattern,
cover,
within,
salmon,
frame,
better,
acres,
search,
ready,
slipped,
stock,
pass,
larger,
duty,
bag,
usually,
making,
must,
worried,
tropical,
layers,
maybe,
disease,
want,
fighting,
pass,
stay,
tall,
joined,
quietly,
passage,
chosen,
hay,
national,
exercise,
anybody,
still,
image,
rapidly,
shake,
tent,
silly,
tired,
waste,
wrapped,
pair,
whole,
including,
size,
column,
spin,
pack,
wind,
sent,
each,
key,
on,
stretch,
coming,
view,
queen,
each,
pale,
scared,
raise,
further,
principle,
nice,
if,
author,
everyone,
element,
live,
happily,
appropriate,
wide,
blue,
society,
individual,
piano,
weak,
improve,
quiet,
lack,
chest,
label,
leather,
likely,
composed,
long,
either,
third,
shadow,
fellow,
egg,
listen,
major,
factor,
generally,
brother,
transportation,
surrounded,
market,
above,
faster,
environment,
ear,
white,
recently,
song,
swung,
angry,
gas,
split,
build,
torn,
passage,
grade,
wide,
below,
frighten,
rod,
book,
locate,
building,
best,
turn,
recall,
people,
those,
up,
layers,
frog,
conversation,
known,
bound,
river,
almost,
even,
further,
hair,
paper,
onto,
indicate,
stared,
bound,
sound,
driving,
seed,
those,
connected,
throw,
sound,
sweet,
tiny,
everything,
thank,
seen,
grabbed,
loud,
dead,
throw,
happy,
cowboy,
carry,
try,
everywhere,
struck,
fellow,
scared,
mother,
nearby,
writer,
speak,
numeral,
jet,
taught,
labor,
expect,
hurt,
ruler,
rose,
cold,
lack,
husband,
donkey,
battle,
watch,
also,
art,
gently,
image,
bet,
idea,
accept,
each,
school,
am,
mile,
hunter,
upon,
term,
gently,
simplest,
small,
pitch,
completely,
at,
dance,
life,
use,
skill,
arrangement,
fed,
into,
where,
our,
wagon,
seven,
crop,
police,
soon,
reach,
mail,
press,
friend,
will,
discover,
leg,
bare,
began,
pen,
apart,
knowledge,
diameter,
had,
store,
airplane,
touch,
slave,
speech,
frighten,
begun,
union,
quick,
roll,
fifth,
position,
about,
stared,
lips,
shelf,
division,
valuable,
hollow,
did,
room,
forget,
elephant,
fox,
pink,
volume,
public,
impossible,
length,
year,
nervous,
where,
tool,
ask,
farther,
spring,
discover,
hurt,
darkness,
stage,
certain,
lay,
vowel,
promised,
put,
car,
habit,
fighting,
living,
continent,
another,
driver,
brass,
present,
value,
turn,
worry,
pie,
pair,
diagram,
statement,
sitting,
copy,
chamber,
nodded,
myself,
sleep,
wide,
number,
three,
religious,
regular,
equipment,
uncle,
various,
make,
circus,
swung,
sharp,
letter,
attack,
sitting,
simply,
age,
weak,
speed,
independent,
draw,
money,
guard,
fine,
poor,
you,
industry,
rest,
doll,
fifteen,
pot,
climb,
additional,
satisfied,
indeed,
lion,
unusual,
hearing,
dig,
composition,
pour,
hundred,
lie,
worse,
date,
scale,
spring,
growth,
for,
shown,
correct,
bright,
pond,
until,
chance,
tomorrow,
strike,
unhappy,
already,
sale,
also,
radio,
rest,
chief,
tropical,
there,
rabbit,
easily,
exactly,
origin,
birthday,
mud,
us,
danger,
slip,
count,
giant,
slow,
step,
worry,
outer,
after,
proper,
bark,
must,
disease,
unhappy,
glad,
sense,
metal,
affect,
substance,
for,
sent,
solid,
layers,
frame,
sing,
step,
lying,
black,
silly,
finger,
cage,
setting,
battle,
village,
may,
paragraph,
language,
write,
level,
nuts,
automobile,
give,
burn,
affect,
powder,
treated,
how,
ship,
chapter,
in,
fort,
rise,
soldier,
creature,
planet,
bean,
time,
customs,
total,
first,
probably,
noise,
president,
entire,
fort,
horn,
stems,
naturally,
dust,
land,
pony,
height,
rose,
storm,
voice,
mainly,
mental,
organization,
rock,
dear,
in,
news,
supply,
grew,
string,
certainly,
slightly,
crack,
wise,
simply,
freedom,
cut,
gray,
cloud,
mixture,
well,
explore,
remain,
husband,
there,
about,
willing,
forgotten,
program,
plain,
think,
regular,
post,
invented,
seat,
salmon,
extra,
rocket,
explain,
coach,
cover,
tank,
soldier,
though,
growth,
degree,
train,
immediately,
setting,
became,
population,
thus,
gate,
instead,
using,
variety,
silence,
major,
lunch,
birds,
shorter,
quiet,
when,
movement,
lovely,
kitchen,
method,
power,
rain,
load,
joined,
pure,
lady,
strike,
trail,
complex,
frighten,
mountain,
victory,
fun,
attached,
just,
name,
develop,
combine,
obtain,
arrow,
glad,
willing,
from,
fear,
vessels,
aboard,
hunt,
tongue,
merely,
instead,
three,
has,
since,
strike,
canal,
flies,
men,
us,
rising,
carbon,
hard,
health,
once,
than,
who,
quiet,
climb,
steam,
still,
source,
through,
member,
one,
back,
continent,
diagram,
slight,
bigger,
fifty,
soldier,
let,
anywhere,
time,
long,
paint,
action,
cannot,
present,
line,
women,
thy,
except,
before,
noun,
stove,
see,
feature,
effect,
poem,
scene,
earn,
traffic,
describe,
cow,
get,
enemy,
garage,
below,
journey,
can,
form,
ought,
closer,
police,
continued,
on,
direction,
graph,
coast,
since,
crowd,
least,
eight,
scene,
lying,
usual,
independent,
natural,
slabs,
title,
modern,
how,
naturally,
hole,
buried,
mighty,
here,
appropriate,
final,
seed,
degree,
independent,
discover,
bring,
rate,
language,
prove,
silver,
fat,
cent,
jet,
opinion,
story,
watch,
sometime,
company,
nervous,
knife,
hollow,
furniture,
globe,
very,
blue,
give,
sat,
passage,
dropped,
empty,
want,
fence,
rear,
cattle,
crack,
kept,
cast,
circus,
village,
welcome,
busy,
primitive,
arrangement,
car,
house,
consonant,
best,
account,
ask,
guide,
black,
slowly,
cross,
ready,
weigh,
warm,
chosen,
along,
gravity,
imagine,
dropped,
experience,
theory,
shop,
pure,
remove,
SAND,
replace,
being,
or,
introduced,
toward,
freedom,
rays,
cook,
game,
soon,
correct,
current,
previous,
replace,
sick,
citizen,
slight,
section,
percent,
principle,
bottle,
notice,
driver,
further,
pass,
chance,
before,
magnet,
carry,
become,
hill,
plastic,
no,
couple,
worse,
disappear,
luck,
eye,
among,
airplane,
check,
pile,
afternoon,
buried,
for,
characteristic,
five,
clear,
little,
doll,
sets,
swam,
article,
believed,
off,
grew,
connected,
package,
explain,
cowboy,
shout,
baseball,
pain,
instant,
till,
diagram,
trunk,
too,
exchange,
gold,
substance,
equator,
rocky,
gently,
down,
circle,
rear,
open,
fly,
love,
fox,
widely,
tears,
just,
sum,
topic,
history,
pain,
met,
end,
examine,
ride,
square,
spring,
went,
chosen,
important,
mark,
mile,
last,
this,
enough,
was,
chicken,
voice,
fix,
cream,
neighbor,
great,
farther,
diagram,
war,
rhythm,
island,
piano,
different,
lower,
production,
porch,
individual,
loose,
horse,
vote,
breath,
thank,
turn,
still,
row,
sign,
tie,
purple,
three,
except,
roll,
oxygen,
copy,
wolf,
unknown,
body,
stand,
simple,
reader,
active,
picture,
develop,
slept,
command,
bare,
correct,
tears,
article,
sea,
leaving,
definition,
coach,
bat,
were,
cattle,
kind,
began,
eye,
sit,
direct,
ever,
package,
terrible,
ice,
rule,
suggest,
tired,
farther,
wire,
highway,
in,
spite,
made,
treated,
bright,
more,
himself,
rays,
thread,
win,
hole,
aware,
season,
practice,
plenty,
lamp,
apartment,
future,
verb,
clothing,
spin,
return,
appearance,
bad,
complex,
park,
tip,
hunter,
pour,
progress,
dish,
period,
pot,
sale,
cannot,
bent,
browserling,
immediately,
deal,
indeed,
product,
milk,
should,
cow,
circus,
softly,
gift,
fort,
language,
younger,
nine,
vapor,
government,
careful,
river,
shall,
easier,
lying,
dollar,
will,
mine,
sick,
successful,
treated,
design,
seldom,
figure,
ten,
basic,
stood,
substance,
captain,
pass,
guide,
seen,
cry,
path,
mother,
forgotten,
rubber,
wagon,
yet,
we,
pleasant,
fast,
perfect,
guard,
stock,
waste,
stick,
cry,
available,
little,
lunch,
concerned,
score,
clothing,
toy,
limited,
shoot,
possible,
heat,
condition,
grass,
immediately,
steel,
money,
we,
bicycle,
storm,
officer,
put,
remove,
leg,
process,
pale,
cloth,
student,
officer,
music,
vertical,
apple,
salt,
here,
private,
silent,
check,
level,
missing,
arrive,
failed,
count,
light,
obtain,
ship,
lying,
morning,
primitive,
avoid,
week,
anybody,
from,
bell,
represent,
different,
beneath,
provide,
mile,
turn,
mine,
tobacco,
post,
fighting,
whenever,
use,
examine,
point,
ready,
strong,
animal,
storm,
exclaimed,
open,
worry,
line,
consist,
scientist,
involved,
control,
how,
travel,
moving,
pitch,
electric,
glass,
iron,
since,
development,
honor,
silence,
shoulder,
sight,
official,
pupil,
opinion,
willing,
music,
telephone,
proper,
everybody,
grass,
sets,
regular,
addition,
picture,
write,
jar,
that,
day,
twice,
person,
cool,
task,
well,
event,
drive,
touch,
shallow,
slave,
pleasant,
play,
mine,
characteristic,
actual,
faster,
force,
start,
decide,
whole,
bear,
funny,
you,
ants,
right,
shells,
driving,
period,
away,
disease,
pattern,
silly,
dug,
well,
draw,
excited,
broad,
bar,
trick,
put,
interest,
note,
slide,
saw,
fear,
parts,
hill,
shoulder,
ate,
surface,
camp,
class,
stream,
mind,
love,
give,
none,
available,
pupil,
given,
recently,
nodded,
chose,
decide,
hit,
wave,
regular,
town,
remove,
zero,
increase,
tongue,
step,
wait,
business,
occur,
slowly,
disappear,
consonant,
vessels,
toy,
composed,
letter,
fair,
any,
hair,
habit,
printed,
activity,
guard,
ocean,
former,
rest,
score,
breathing,
snake,
thrown,
wolf,
center,
us,
quick,
hit,
wear,
scale,
folks,
manufacturing,
mouth,
pain,
late,
loud,
select,
animal,
situation,
type,
park,
tired,
freedom,
willing,
wind,
chance,
military,
however,
month,
section,
cut,
valley,
ground,
list,
cheese,
young,
wooden,
exercise,
notice,
new,
learn,
men,
question,
leg,
region,
why,
value,
music,
pet,
finish,
longer,
easy,
flies,
drew,
sold,
since,
future,
gave,
cowboy,
lot,
myself,
poet,
equal,
bush,
faster,
physical,
journey,
living,
farther,
scientific,
hard,
biggest,
sit,
past,
over,
gain,
serve,
thought,
enough,
scale,
mud,
missing,
grew,
matter,
equally,
finally,
class,
therefore,
yourself,
breakfast,
improve,
plates,
telephone,
wool,
sides,
led,
tribe,
saw,
ability,
lonely,
troops,
husband,
grandfather,
become,
needed,
tight,
generally,
thought,
allow,
value,
question,
younger,
mathematics,
thus,
am,
flag,
anyway,
snake,
about,
typical,
moment,
consonant,
detail,
wife,
shoot,
written,
giving,
say,
managed,
hit,
behind,
cake,
age,
browserling,
height,
present,
just,
twice,
shelf,
meet,
necessary,
trade,
into,
stranger,
act,
date,
valley,
class,
evidence,
president,
opinion,
desk,
locate,
complete,
noise,
journey,
suggest,
stiff,
audience,
ought,
thick,
tears,
reader,
sort,
suddenly,
store,
short,
introduced,
choice,
west,
melted,
probably,
tired,
ocean,
reach,
front,
ring,
breathe,
fresh,
whatever,
solar,
supply,
up,
were,
form,
easier,
drew,
everywhere,
community,
slabs,
trunk,
death,
while,
whose,
camp,
rocket,
chief,
design,
special,
farm,
cannot,
mouth,
method,
saddle,
bad,
oldest,
condition,
fell,
instant,
primitive,
list,
leaving,
either,
catch,
spell,
research,
dear,
paragraph,
mighty,
ordinary,
sheet,
repeat,
program,
solve,
combination,
difficult,
crowd,
possibly,
having,
victory,
suit,
tomorrow,
five,
pleasant,
page,
road,
herd,
steam,
jar,
writing,
answer,
late,
hurt,
blanket,
least,
basic,
transportation,
forward,
mill,
rice,
mighty,
represent,
raw,
horn,
suggest,
swim,
body,
driven,
sit,
simple,
forget,
some,
star,
next,
silver,
touch,
slipped,
library,
author,
ranch,
yellow,
find,
twice,
appearance,
stone,
stage,
was,
pleasant,
design,
deep,
stronger,
real,
ship,
lay,
ruler,
call,
wealth,
jar,
quick,
quarter,
silence,
brown,
station,
route,
tall,
breath,
pick,
in,
pass,
pleasure,
direct,
unusual,
excited,
regular,
author,
machinery,
life,
alike,
enter,
using,
live,
knowledge,
whistle,
behind,
mental,
work,
scared,
angle,
string,
stiff,
musical,
magnet,
castle,
our,
camera,
fog,
discover,
our,
excitement,
clearly,
nine,
price,
plastic,
pilot,
fought,
bat,
term,
event,
border,
wood,
nation,
onto,
verb,
gulf,
zoo,
some,
mirror,
journey,
baseball,
bus,
principal,
loss,
shoot,
drove,
season,
thick,
nice,
gray,
night,
save,
dried,
eaten,
sold,
origin,
express,
feed,
against,
wheel,
structure,
stream,
weigh,
country,
family,
hidden,
reason,
tall,
hold,
magic,
clear,
became,
round,
shadow,
sentence,
slide,
tomorrow,
fog,
stuck,
joy,
prevent,
figure,
bat,
mean,
mix,
bound,
between,
weigh,
lot,
home,
meet,
comfortable,
camera,
shut,
buried,
anybody,
hole,
six,
till,
met,
mirror,
earn,
pass,
pressure,
origin,
language,
speech,
lovely,
jump,
express,
vote,
neck,
slave,
gravity,
on,
more,
became,
crew,
simply,
onlinetools,
stretch,
stick,
forward,
stage,
money,
practical,
least,
national,
garage,
rear,
worried,
straight,
composition,
entirely,
particular,
information,
unit,
stairs,
where,
shake,
shelf,
someone,
talk,
enter,
well,
satisfied,
direction,
graph,
broke,
milk,
image,
come,
bar,
crack,
order,
sad,
man,
activity,
straight,
bark,
apartment,
element,
magic,
finish,
tree,
this,
lady,
pie,
suddenly,
during,
invented,
have,
spider,
bigger,
whether,
SAND,
pet,
excited,
gradually,
pressure,
mixture,
therefore,
clay,
rock,
triangle,
growth,
hat,
purpose,
can,
mail,
globe,
knowledge,
nodded,
shinning,
over,
obtain,
brief,
earlier,
vote,
group,
speech,
satellites,
notice,
blind,
tax,
sail,
eleven,
second,
glass,
experiment,
plate,
freedom,
operation,
entirely,
box,
recognize,
hungry,
complex,
orbit,
upward,
planning,
jack,
blind,
should,
drew,
mouse,
teacher,
smile,
struggle,
beauty,
pretty,
especially,
two,
anywhere,
roar,
cowboy,
broke,
light,
darkness,
kill,
grain,
mighty,
them,
place,
hat,
cast,
color,
cap,
purpose,
dawn,
apart,
up,
dark,
detail,
captain,
hung,
present,
solar,
does,
rubber,
harder,
land,
variety,
loud,
putting,
gate,
sink,
notice,
trick,
mix,
current,
earlier,
gas,
private,
excited,
structure,
policeman,
cold,
behind,
imagine,
sky,
softly,
planned,
leg,
slept,
result,
send,
pride,
spread,
headed,
mix,
control,
cool,
image,
lose,
excited,
heart,
rate,
forgot,
door,
fix,
fuel,
make,
dangerous,
shaking,
discover,
mission,
dirt,
riding,
noon,
correctly,
cloth,
library,
manufacturing,
mental,
of,
touch,
particularly,
continued,
lose,
oxygen,
entirely,
amount,
system,
getting,
large,
similar,
lady,
copper,
point,
concerned,
atom,
favorite,
buy,
southern,
work,
thing,
front,
prepare,
various,
chapter,
arrive,
look,
scientific,
knife,
key,
cloth,
listen,
member,
children,
him,
near,
picture,
grass,
fourth,
expression,
fight,
instant,
calm,
nails,
son,
harder,
factor,
under,
breathing,
printed,
both,
thousand,
coach,
straw,
storm,
attention,
not,
combination,
company,
clothing,
mission,
parallel,
choose,
add,
heart,
necessary,
warm,
keep,
evening,
recently,
leather,
author,
level,
battle,
headed,
soap,
pass,
title,
for,
measure,
talk,
task,
bridge,
feet,
four,
rubbed,
bus,
birthday,
deal,
married,
soon,
coast,
chart,
particularly,
roof,
make,
watch,
pour,
congress,
sing,
deep,
who,
settle,
cheese,
blanket,
student,
airplane,
supper,
space,
give,
thrown,
anything,
composed,
grew,
swam,
sort,
happened,
visitor,
species,
wife,
express,
opinion,
settlers,
mine,
function,
merely,
barn,
important,
seed,
rough,
sheep,
flat,
husband,
could,
topic,
usually,
surprise,
theory,
amount,
hurry,
plain,
page,
kind,
wise,
feet,
because,
running,
sick,
factor,
rapidly,
broke,
sleep,
mental,
command,
behavior,
slipped,
very,
bright,
anything,
trail,
farther,
primitive,
explanation,
silence,
sight,
might,
show,
lamp,
announced,
thou,
type,
baby,
butter,
suppose,
stay,
rising,
shelter,
exchange,
scared,
possibly,
curve,
girl,
equal,
snake,
valley,
cloud,
imagine,
search,
education,
broad,
cost,
guard,
pressure,
garden,
throughout,
sick,
closely,
measure,
island,
fighting,
congress,
slave,
live,
suit,
temperature,
teacher,
slow,
search,
swim,
certain,
scared,
flew,
fine,
mad,
riding,
him,
forgot,
fine,
mathematics,
characteristic,
swung,
around,
anyway,
torn,
better,
experiment,
led,
bit,
threw,
brush,
ruler,
gently,
luck,
room,
sail,
national,
model,
specific,
local,
population,
fox,
noun,
trick,
observe,
handsome,
addition,
trail,
both,
catch,
cry,
perfectly,
car,
dozen,
minute,
minerals,
effort,
flew,
official,
smoke,
leg,
identity,
light,
nest,
we,
knowledge,
spirit,
nuts,
chief,
serve,
cost,
steam,
tax,
officer,
jet,
age,
join,
exactly,
new,
teacher,
welcome,
easy,
chosen,
fat,
instance,
control,
usual,
balloon,
gradually,
drop,
partly,
leave,
wrote,
softly,
information,
sale,
change,
brass,
explanation,
process,
beneath,
sad,
nation,
silence,
peace,
wall,
goes,
continued,
realize,
these,
nose,
blanket,
roar,
small,
this,
wise,
hurry,
ice,
wind,
interior,
sheet,
yourself,
today,
prove,
taken,
board,
repeat,
rhythm,
whatever,
to,
our,
take,
whistle,
copper,
pleasure,
needs,
spider,
rose,
drew,
tobacco,
combination,
amount,
introduced,
familiar,
bound,
blue,
flower,
maybe,
press,
like,
mood,
movie,
correct,
yourself,
replace,
higher,
race,
building,
experience,
children,
motor,
ought,
clothing,
roof,
magic,
diagram,
shown,
wool,
ring,
begun,
clay,
garage,
flight,
exclaimed,
floor,
wall,
grow,
hole,
handsome,
inside,
did,
wire,
victory,
border,
bell,
thread,
kill,
exciting,
property,
over,
several,
tropical,
continent,
properly,
rising,
exciting,
loud,
river,
farmer,
cell,
valuable,
must,
between,
creature,
nine,
prove,
record,
wise,
soft,
after,
down,
moon,
tune,
former,
lying,
according,
constantly,
date,
field,
hurried,
support,
said,
settlers,
social,
poetry,
weigh,
man,
command,
doctor,
zoo,
supper,
husband,
height,
depend,
replied,
golden,
column,
by,
hundred,
sang,
dull,
mixture,
worth,
regular,
smaller,
bag,
wife,
statement,
group,
ear,
willing,
yes,
powder,
lungs,
well,
on,
morning,
sail,
biggest,
sight,
plastic,
rest,
sister,
line,
printed,
affect,
as,
western,
between,
heavy,
whom,
next,
hall,
being,
seldom,
first,
desert,
reason,
lack,
interior,
frighten,
equal,
clearly,
hurried,
volume,
score,
central,
ran,
bar,
circus,
tobacco,
deep,
won,
passage,
leader,
arrow,
pure,
won,
back,
weak,
problem,
lonely,
escape,
spirit,
browserling,
does,
shown,
know,
bear,
torn,
slip,
graph,
block,
rate,
probably,
sleep,
twenty,
shadow,
anywhere,
rope,
article,
private,
uncle,
tiny,
chart,
town,
fallen,
fourth,
never,
friend,
this,
thrown,
hair,
account,
fight,
tiny,
same,
system,
pole,
engineer,
joined,
article,
report,
lovely,
verb,
birthday,
musical,
school,
leaving,
beat,
bent,
luck,
replace,
stems,
nuts,
rate,
how,
teacher,
port,
sell,
famous,
sea,
mouse,
question,
space,
attached,
plan,
wall,
riding,
hollow,
thrown,
grass,
top,
small,
gentle,
express,
rise,
list,
beside,
eaten,
sudden,
carbon,
describe,
planning,
us,
pick,
touch,
shadow,
usually,
failed,
quarter,
beginning,
mistake,
lucky,
task,
ants,
child,
actual,
diagram,
browserling,
shine,
shot,
partly,
whenever,
chose,
beside,
size,
that,
exact,
breath,
answer,
various,
film,
beginning,
moving,
author,
swam,
combine,
attached,
fighting,
audience,
planet,
victory,
monkey,
sets,
place,
fifth,
low,
trace,
policeman,
operation,
sport,
present,
horse,
adjective,
mouse,
shut,
single,
ride,
surprise,
prove,
common,
union,
baseball,
protection,
skill,
giving,
frequently,
pet,
entirely,
knife,
toward,
yesterday,
tonight,
principle,
particles,
whatever,
smallest,
exercise,
value,
carbon,
flow,
primitive,
discovery,
indeed,
word,
brown,
tightly,
roll,
scientist,
sides,
noon,
score,
personal,
failed,
end,
mouth,
able,
quickly,
wave,
eventually,
power,
distance,
cool,
brief,
sound,
company,
hit,
boat,
leave,
practical,
material,
pattern,
transportation,
bite,
dog,
driven,
famous,
station,
shake,
impossible,
motion,
lost,
wife,
before,
rapidly,
sometime,
afraid,
thee,
agree,
flight,
tip,
wheel,
finger,
silver,
earth,
load,
basket,
power,
silver,
man,
hand,
ask,
party,
wear,
together,
raw,
twelve,
flag,
breath,
gave,
softly,
member,
done,
fine,
screen,
taste,
rhythm,
cage,
away,
select,
around,
glass,
definition,
slope,
smaller,
rule,
dark,
settle,
sail,
horn,
not,
higher,
section,
continent,
scared,
this,
system,
lack,
complex,
begun,
behind,
construction,
brass,
would,
carbon,
grade,
ask,
best,
also,
bit,
heavy,
master,
pupil,
give,
road,
hunt,
thumb,
grown,
very,
planned,
officer,
draw,
job,
skin,
them,
near,
forth,
fall,
friend,
building,
its,
engineer,
lonely,
fireplace,
exclaimed,
student,
meet,
those,
enter,
sport,
symbol,
month,
month,
metal,
dark,
radio,
coal,
public,
suit,
shorter,
ground,
worry,
fight,
policeman,
bag,
dream,
deeply,
laid,
huge,
your,
potatoes,
tonight,
thee,
announced,
ago,
create,
accident,
with,
given,
brick,
fence,
age,
lead,
sick,
difficulty,
contrast,
camera,
rich,
label,
object,
successful,
force,
planning,
sport,
poem,
strength,
moon,
southern,
sister,
able,
youth,
nearer,
as,
strike,
widely,
lonely,
neighbor,
red,
continued,
factor,
religious,
silver,
recently,
famous,
tax,
instead,
valuable,
keep,
shorter,
sheep,
heart,
successful,
change,
gift,
regular,
favorite,
hot,
largest,
are,
sight,
battle,
ranch,
knowledge,
tobacco,
policeman,
root,
fort,
path,
green,
wrote,
mark,
electric,
couple,
before,
brass,
piece,
definition,
food,
contain,
best,
underline,
circus,
mud,
wagon,
no,
where,
primitive,
empty,
visit,
example,
success,
explore,
thank,
greatly,
during,
peace,
pass,
beat,
law,
anyway,
importance,
fastened,
wooden,
chair,
fourth,
son,
horse,
driven,
gasoline,
produce,
kill,
carbon,
alike,
go,
exact,
customs,
beautiful,
soap,
rich,
shaking,
circus,
dark,
tide,
each,
recently,
meal,
danger,
promised,
plant,
camera,
cry,
during,
crowd,
clothing,
operation,
sea,
column,
touch,
longer,
tightly,
poem,
attempt,
hundred,
bite,
lost,
house,
arrange,
slight,
hung,
tape,
aside,
agree,
everybody,
shake,
drawn,
month,
watch,
list,
entire,
shadow,
size,
suppose,
adult,
funny,
material,
good,
simply,
ten,
silent,
although,
beneath,
show,
deep,
improve,
stock,
took,
particularly,
slope,
trip,
spite,
adult,
diagram,
tried,
earth,
baby,
might,
introduced,
determine,
ground,
officer,
broken,
below,
wall,
vessels,
satellites,
compound,
basket,
sat,
hair,
verb,
tax,
further,
liquid,
interior,
scene,
piece,
rubber,
bean,
possibly,
build,
population,
neighbor,
smell,
upon,
driving,
you,
quietly,
swimming,
better,
gone,
stopped,
stage,
silence,
feathers,
truck,
twelve,
tell,
reach,
keep,
place,
vapor,
slowly,
extra,
excited,
pole,
energy,
husband,
hat,
college,
deeply,
wool,
felt,
divide,
master,
wore,
hide,
light,
blind,
jump,
lovely,
syllable,
sing,
electric,
effect,
harbor,
purple,
attack,
jump,
large,
molecular,
situation,
grabbed,
smallest,
test,
write,
having,
near,
table,
score,
gold,
similar,
necessary,
have,
division,
mental,
within,
finest,
income,
short,
immediately,
fog,
helpful,
folks,
white,
ahead,
difficult,
because,
climb,
run,
arrive,
transportation,
finish,
throat,
regular,
effort,
another,
refer,
crowd,
wash,
dry,
too,
evening,
dozen,
before,
pole,
fact,
everybody,
something,
country,
look,
told,
earth,
central,
square,
listen,
congress,
object,
weather,
roof,
motor,
environment,
bus,
especially,
nails,
thin,
secret,
automobile,
daily,
beat,
vowel,
design,
massage,
sang,
hang,
than,
mouth,
noted,
becoming,
write,
easily,
met,
visitor,
path,
guard,
swung,
branch,
different,
wool,
whether,
truth,
create,
numeral,
sometime,
sheet,
earth,
tales,
fully,
driving,
swam,
fix,
hair,
probably,
happy,
function,
spider,
able,
suggest,
ten,
build,
honor,
percent,
sign,
morning,
under,
divide,
environment,
handsome,
property,
railroad,
circus,
raise,
job,
rest,
parts,
please,
hurt,
shoulder,
law,
truck,
attention,
brain,
driving,
gradually,
powerful,
test,
although,
thy,
bound,
where,
dry,
future,
greatest,
sheep,
positive,
shorter,
key,
score,
future,
unusual,
nails,
difference,
aloud,
author,
recognize,
barn,
variety,
mostly,
rain,
lost,
horse,
history,
determine,
somewhere,
band,
die,
act,
printed,
keep,
finest,
noun,
sets,
safe,
duty,
land,
already,
fighting,
vast,
grown,
slipped,
silence,
other,
tall,
lamp,
tone,
identity,
radio,
zero,
drive,
uncle,
arrive,
statement,
chosen,
somewhere,
adventure,
regular,
active,
section,
western,
vast,
trunk,
mark,
fallen,
cake,
tube,
cabin,
arrange,
heavy,
behind,
tide,
different,
gain,
gift,
story,
measure,
clean,
move,
grade,
camera,
work,
bark,
becoming,
principle,
sail,
sale,
pen,
buried,
machinery,
combine,
statement,
family,
roll,
different,
mostly,
chose,
dog,
bright,
unknown,
bean,
sell,
ride,
material,
tool,
record,
student,
time,
thread,
into,
blood,
fewer,
honor,
tell,
rapidly,
forest,
alike,
freedom,
circle,
proper,
library,
nothing,
most,
neighborhood,
dog,
man,
donkey,
shade,
fierce,
sum,
wire,
willing,
zero,
edge,
affect,
cook,
large,
certain,
bend,
pattern,
several,
cause,
using,
walk,
either,
bar,
consonant,
bare,
next,
diagram,
brown,
coal,
serious,
replied,
chapter,
fort,
improve,
refer,
tight,
realize,
whale,
bow,
wherever,
conversation,
studying,
principle,
favorite,
connected,
sink,
battle,
take,
parent,
want,
rear,
quickly,
many,
principle,
layers,
chair,
jet,
column,
inch,
down,
characteristic,
command,
fresh,
blood,
gravity,
close,
rubbed,
build,
he,
additional,
walk,
tone,
bright,
sunlight,
least,
conversation,
crop,
road,
mud,
writing,
round,
slight,
moment,
proud,
question,
further,
task,
wooden,
writer,
morning,
town,
away,
half,
rate,
gradually,
window,
double,
quietly,
equator,
popular,
putting,
main,
coast,
friend,
coming,
yard,
pond,
teach,
roll,
accident,
women,
perhaps,
beside,
difference,
black,
biggest,
strong,
solution,
solar,
rather,
vote,
muscle,
open,
bring,
tightly,
time,
chamber,
running,
rate,
actually,
learn,
wonderful,
verb,
trade,
either,
pain,
copper,
pride,
space,
pile,
judge,
community,
upper,
clean